Series Name,Series Code,Country Name,Country Code,1990 [YR1990],2002 [YR2002],2003 [YR2003],2004 [YR2004],2010 [YR2010],2011 [YR2011],2012 [YR2012],2013 [YR2013],2014 [YR2014],2015 [YR2015],2016 [YR2016],2017 [YR2017],2018 [YR2018],2019 [YR2019],2020 [YR2020]
"GDP per capita, PPP (current international $)",NY.GDP.PCAP.PP.CD,Afghanistan,AFG,..,877.014423471338,927.857547925085,925.44161616896,1710.57564540856,1699.48799733991,1914.77435127371,2015.51496204541,2069.42464180385,2087.30532306683,2128.98802616095,2202.5708512665,2241.92324554494,2293.55168387905,..
"GDP per capita, PPP (current international $)",NY.GDP.PCAP.PP.CD,Albania,ALB,2548.87543752093,4661.36720669305,4994.58547370098,5422.80295242047,9635.18333221744,10207.7694356273,10526.2950176329,10570.9771804821,11259.2462059653,11661.9768725943,12002.9318987545,13037.0100155002,13833.9816028337,14495.0785140737,..
"GDP per capita, PPP (current international $)",NY.GDP.PCAP.PP.CD,Algeria,DZA,6916.71886490412,9294.13558129376,10019.6799338182,10591.3747100948,13095.8678245729,13500.4756621422,13303.415500997,13056.7887170645,13003.1932289814,12015.6490813501,11624.3158259611,11550.5554568171,11750.3791701101,11820.0876836807,..
"GDP per capita, PPP (current international $)",NY.GDP.PCAP.PP.CD,American Samoa,ASM,..,..,..,..,..,..,..,..,..,..,..,..,..,..,..
"GDP per capita, PPP (current international $)",NY.GDP.PCAP.PP.CD,Andorra,AND,..,..,..,..,..,..,..,..,..,..,..,..,..,..,..
"GDP per capita, PPP (current international $)",NY.GDP.PCAP.PP.CD,Angola,AGO,3267.06700380021,3768.7164453832,3822.12762812961,4207.12052604953,6587.98690078045,6710.75034592031,7412.96526317885,7682.47715828865,8179.29600657648,7337.56955890673,7103.22593805783,7310.90173803536,7097.11876818067,6929.67815844764,..
"GDP per capita, PPP (current international $)",NY.GDP.PCAP.PP.CD,Antigua and Barbuda,ATG,11595.0901528692,16373.1600025695,17463.3553911916,18717.7202413515,20611.9140706989,20347.1845441703,19597.5903185238,18796.3939521053,19039.0045029811,18912.3174809176,19918.7906300797,19840.0761229321,21614.066057539,22816.4522023563,..
"GDP per capita, PPP (current international $)",NY.GDP.PCAP.PP.CD,Argentina,ARG,7195.69144377812,10052.4866553529,11025.1855198907,12214.7400764607,18061.9343590895,19322.2271236942,19641.3528638347,20131.6804246983,19683.7715056442,20105.1989918165,20307.870052142,23562.9188342608,23282.6370416077,22947.1397952874,..
"GDP per capita, PPP (current international $)",NY.GDP.PCAP.PP.CD,Armenia,ARM,2773.93765691076,3463.98377993143,4043.66310077427,4614.8621141257,7506.30886458452,8025.45290497468,9364.40776670097,9835.83301127565,10036.8898405952,9969.68530070721,10704.2334081494,12115.0570089389,13014.9920304791,14219.6277088197,..
"GDP per capita, PPP (current international $)",NY.GDP.PCAP.PP.CD,Aruba,ABW,23309.0205200435,29847.9283518139,30355.7323804974,33053.246533983,32624.209094705,34326.1448226739,33569.1865005073,36477.7793887055,36444.2620573183,36765.1160710175,37359.3734383699,38442.4138382323,..,..,..
"GDP per capita, PPP (current international $)",NY.GDP.PCAP.PP.CD,Australia,AUS,17332.3338671753,28718.241079556,29732.129600229,31299.8495244667,39301.602648302,41965.3584189919,42826.789579996,45902.047948361,46880.2206571585,46276.1506853863,47349.9279542726,48905.4171954152,51036.4058896921,53320.2690427848,..
"GDP per capita, PPP (current international $)",NY.GDP.PCAP.PP.CD,Austria,AUT,19436.7643707181,31178.6933297272,32109.1381163943,33743.1982822753,42037.4904752225,44452.7327457999,46457.3457770311,47922.0491207455,48799.7154676985,49879.2664728545,52633.2542884635,54637.0012845153,56871.2113998202,59110.5625590813,..
"GDP per capita, PPP (current international $)",NY.GDP.PCAP.PP.CD,Azerbaijan,AZE,5360.07052939975,4233.44006335755,4716.37761192452,5245.42525084493,14926.6376403713,14804.5744507911,15957.718850285,17188.9455056612,17443.8782563093,14938.4011276715,14371.0227410092,14121.4069355591,14544.953356988,15000.8164973542,..
"GDP per capita, PPP (current international $)",NY.GDP.PCAP.PP.CD,"Bahamas, The",BHS,21497.1554072637,29715.5194905909,29362.6140774992,29869.3979324386,31090.2644824904,31522.6050264014,32216.4920747631,31855.2997737548,32562.331422426,33542.1535883064,34182.6046193957,35308.4133992786,36338.2476758429,37265.8121022677,..
"GDP per capita, PPP (current international $)",NY.GDP.PCAP.PP.CD,Bahrain,BHR,26875.5966990475,41932.2413123971,42860.4822233053,44185.4450297904,46873.0988800275,47377.5724439003,50675.582035476,51494.4117178119,51101.9005266201,45686.2466432523,44790.0878483094,47642.4482864603,47333.491198074,46891.8598387148,..
"GDP per capita, PPP (current international $)",NY.GDP.PCAP.PP.CD,Bangladesh,BGD,850.504993700031,1453.26189967675,1523.79715015918,1620.42472898758,2439.06956778992,2620.82248355375,2937.58845156683,3143.51835686654,3367.99552513598,3555.50551000354,3849.11098688433,4161.09013459284,4546.22741835774,4950.74358140884,..
"GDP per capita, PPP (current international $)",NY.GDP.PCAP.PP.CD,Barbados,BRB,9579.67602044736,12887.7319468121,13368.4473973174,13873.845692538,16127.8113839058,16304.3824246065,15310.0059950864,15334.720366479,15175.4956415237,15510.824290378,15952.0703078728,15788.8205162215,16044.7277974563,16286.9795151271,..
"GDP per capita, PPP (current international $)",NY.GDP.PCAP.PP.CD,Belarus,BLR,5232.0782928057,6709.84550278391,7367.19377907156,8489.48408683134,15349.2281346448,16543.0437300092,18071.5055962673,18948.4684736964,18955.907025082,18041.2425036167,17725.7521791512,18280.1989190642,19330.8688790098,19943.2925233137,..
"GDP per capita, PPP (current international $)",NY.GDP.PCAP.PP.CD,Belgium,BEL,18653.7962247677,30282.2886450283,30899.0654242476,32034.0150753085,39866.7272663767,40942.372710454,42290.7620520019,43671.11959259,44929.685593416,46213.2665340101,48608.9577816505,50725.1863102987,52249.5734616414,54545.1508845001,..
"GDP per capita, PPP (current international $)",NY.GDP.PCAP.PP.CD,Belize,BLZ,3335.07820318734,5963.81701290675,6467.82978221449,6781.73523619513,7563.95957988541,7684.81762197578,7272.87001468807,7226.99483075387,7170.52946398798,7244.39107837677,7179.46231905401,7108.86670023723,7287.08497750719,7295.23013575062,..
"GDP per capita, PPP (current international $)",NY.GDP.PCAP.PP.CD,Benin,BEN,1259.57244777853,1895.00043977644,1936.88122974906,2015.63750597039,2364.11835143685,2416.32710692027,2498.49731338005,2669.68982061252,2833.41192647339,2886.83186680607,3004.80918688439,3044.51388698516,3235.36169466976,3423.55172692169,..
"GDP per capita, PPP (current international $)",NY.GDP.PCAP.PP.CD,Bermuda,BMU,29458.4494679157,49099.0917085812,51379.3424760394,53635.8413651987,61837.4257306114,61550.2247919138,58563.3454110796,59474.5984816533,..,..,..,..,..,..,..
"GDP per capita, PPP (current international $)",NY.GDP.PCAP.PP.CD,Bhutan,BTN,1507.33363780655,3229.54552812813,3480.08971362204,3723.42675594535,6693.50614855515,7295.84280502124,7912.13336694868,7989.65543098848,8666.41956699771,9500.76818875845,10457.201800922,11142.3999477275,11613.1624746864,..,..
"GDP per capita, PPP (current international $)",NY.GDP.PCAP.PP.CD,Bolivia,BOL,2374.67791497559,3580.81760004146,3677.63872541367,3863.45413855963,5167.11377349367,5460.25548989959,5921.64949018019,6624.80527268489,7056.82839007831,7133.87446082853,7499.7788580239,8423.69679405991,8859.77372697949,9086.06069605746,..
"GDP per capita, PPP (current international $)",NY.GDP.PCAP.PP.CD,Bosnia and Herzegovina,BIH,..,5136.51377391179,5373.2179220449,6200.65227470176,9354.55081498423,9976.49663652814,10304.0747456955,11016.5441876811,11433.162610045,12013.9199391969,12990.0158085512,13788.4820641797,14932.3732053358,15791.6747394431,..
"GDP per capita, PPP (current international $)",NY.GDP.PCAP.PP.CD,Botswana,BWA,5682.07443900769,9347.82791600263,9790.96732798421,10144.544994843,13352.3002160668,14252.7129299669,13590.5153689947,14707.7016988473,16300.8371094018,15547.1758840484,17260.2635946998,17253.2316097939,18050.253744072,18502.8182229188,..
"GDP per capita, PPP (current international $)",NY.GDP.PCAP.PP.CD,Brazil,BRA,6701.20904431983,9568.06384730739,9733.77081647566,10445.3445102854,14299.5516973717,15040.0581828206,15046.2898798158,15588.7262064568,15718.5656477083,14744.1129133865,14256.1632471211,14519.8491302518,14940.6726059252,15258.8508327006,..
"GDP per capita, PPP (current international $)",NY.GDP.PCAP.PP.CD,British Virgin Islands,VGB,..,..,..,..,..,..,..,..,..,..,..,..,..,..,..
"GDP per capita, PPP (current international $)",NY.GDP.PCAP.PP.CD,Brunei Darussalam,BRN,55913.6509345373,70716.7593718754,72755.7329960629,73808.5267240512,80277.5456893459,83935.012512764,88247.7277373394,83787.0606229269,81373.0180738336,62541.680359491,56296.0197678199,60995.6811141379,61813.8951635958,64673.2985705505,..
"GDP per capita, PPP (current international $)",NY.GDP.PCAP.PP.CD,Bulgaria,BGR,7536.98688702512,7786.38655736833,8407.78546607404,9193.15647935813,14872.3742095052,15661.2019260434,16241.6330660603,16581.7705883219,17555.4950407247,18341.9605852465,19885.7818672588,21363.0290871128,22601.4034869416,24561.1826135398,..
"GDP per capita, PPP (current international $)",NY.GDP.PCAP.PP.CD,Burkina Faso,BFA,589.903198143159,1005.42974519929,1072.46739013805,1117.46543168154,1502.10346985442,1586.5715557449,1619.40001222911,1683.10741055173,1692.30439694524,1713.51937899955,1893.6964347046,2053.50441763731,2181.84586508627,2280.38003653286,..
"GDP per capita, PPP (current international $)",NY.GDP.PCAP.PP.CD,Burundi,BDI,615.072101204146,554.945261559317,541.764468256049,565.042350494707,663.054795248755,681.971621284674,690.688140462063,740.984230793905,777.041557228105,841.646357215727,796.944387318245,773.571858394255,779.493818360614,782.816588798388,..
"GDP per capita, PPP (current international $)",NY.GDP.PCAP.PP.CD,Cabo Verde,CPV,1063.56330715761,3273.97965456942,3420.16262500717,3813.70590130638,5692.43355683959,5966.87192203053,5818.97216188302,5792.82927357678,5748.17387420973,5994.37283245344,6322.8418086855,6643.204610776,7026.12016117731,7469.07557883617,..
"GDP per capita, PPP (current international $)",NY.GDP.PCAP.PP.CD,Cambodia,KHM,..,1237.65299336886,1344.62480416185,1499.08692451838,2427.2433144615,2611.30598974098,2868.73751520968,3045.59055549898,3185.33689790783,3388.73741997749,3675.03792052601,3928.37368825169,4257.4849762936,4570.6942887569,..
"GDP per capita, PPP (current international $)",NY.GDP.PCAP.PP.CD,Cameroon,CMR,1855.40906901471,2079.76020924045,2156.69139629162,2302.1161434903,2681.88681703305,2773.89666656205,2855.44615572722,3002.61078104672,3185.3551485686,3260.52496906015,3405.05758901073,3554.52515589469,3688.58153418891,3804.07171078258,..
"GDP per capita, PPP (current international $)",NY.GDP.PCAP.PP.CD,Canada,CAN,20150.787992707,30853.201316329,32219.4287486237,33795.6837049447,40019.2054024998,41569.449617197,42290.9654102745,44298.5787342765,45753.7505547994,44671.4406809074,46480.4653626012,48633.829775434,50077.796236328,51341.7051667877,..
"GDP per capita, PPP (current international $)",NY.GDP.PCAP.PP.CD,Cayman Islands,CYM,..,..,..,..,63298.1776470372,64013.6359395411,62801.2281538743,62441.049069364,63067.4199221543,64230.4120078691,66490.4887699353,69420.5114565353,72480.5070063498,..,..
"GDP per capita, PPP (current international $)",NY.GDP.PCAP.PP.CD,Central African Republic,CAF,635.43883090643,725.615024667026,684.95662623964,730.748453939406,958.920448355564,1012.65808884034,1102.02653199185,738.475390341037,720.3234642228,787.013081642243,851.071921080369,912.80205230035,955.128061489303,984.028049674848,..
"GDP per capita, PPP (current international $)",NY.GDP.PCAP.PP.CD,Chad,TCD,698.379576624885,891.922030325031,1002.79503678398,1325.09528367965,1819.69476743307,1797.74936020364,1730.79369285424,1569.05977227626,1677.09069926991,1820.05939283423,1664.51167153119,1587.03105963951,1613.51493493417,1645.09415290703,..
"GDP per capita, PPP (current international $)",NY.GDP.PCAP.PP.CD,Channel Islands,CHI,..,..,..,..,..,..,..,..,..,..,..,..,..,..,..
"GDP per capita, PPP (current international $)",NY.GDP.PCAP.PP.CD,Chile,CHL,4511.16997825586,10333.0636606751,10841.3238171049,11812.6349740889,18161.8039224929,20342.5709204911,21507.7074027908,22439.2783559589,22786.6556023986,22688.010028137,22710.0170647296,23663.8852921125,24765.2345896396,25154.9928229185,..
"GDP per capita, PPP (current international $)",NY.GDP.PCAP.PP.CD,China,CHN,982.336058221609,3534.83386989591,3937.20902072253,4425.66107084109,9253.7586381088,10299.871105089,11197.5979037781,11923.752024745,12549.7717426876,12978.7685705045,13572.6207254516,14344.4204022609,15602.9414731562,16784.6593497155,..
"GDP per capita, PPP (current international $)",NY.GDP.PCAP.PP.CD,Colombia,COL,5012.22043302775,7018.08253349214,7319.5437415133,7806.05013813455,10731.6456777552,11604.0128312684,12018.3573188866,12727.2790581838,13306.9986681557,13265.7972569151,13952.1361530495,14316.4858099112,14965.8953560561,15643.7314460931,..
"GDP per capita, PPP (current international $)",NY.GDP.PCAP.PP.CD,Comoros,COM,1587.42792213106,1865.2704399001,1894.20645271695,1936.01328139953,2252.89077246055,2337.0573875903,2511.48516189132,2636.49430979759,2716.82752451541,2709.60087830928,2863.87004205359,3032.25468181699,3139.20577211658,3209.09129100149,..
"GDP per capita, PPP (current international $)",NY.GDP.PCAP.PP.CD,"Congo, Dem. Rep.",COD,882.773089055432,441.820308540367,460.770152574972,489.419993621292,633.913123659282,668.9408609868,669.56746203289,753.48513638362,849.760795523223,905.450456845892,963.669308905139,1059.8107753086,1111.51744670518,1143.4532245044,..
"GDP per capita, PPP (current international $)",NY.GDP.PCAP.PP.CD,"Congo, Rep.",COG,3231.38503748229,3662.31892033571,3654.11070609586,3768.4144916158,4878.07471072942,5008.38880253453,4897.74980219862,4761.54567197617,4700.52812635164,3338.90097247311,3397.56351840348,3448.53720769405,3494.98573870995,3434.75567523643,..
"GDP per capita, PPP (current international $)",NY.GDP.PCAP.PP.CD,Costa Rica,CRI,5057.5378658823,8402.79841092528,8787.7903705847,9279.5598258155,12725.1523269105,13387.5721512729,14091.5288852451,14651.1523617105,15622.930477768,16586.3530320016,18008.5998924443,19112.4088874561,19873.1395497527,20434.4084263187,..
"GDP per capita, PPP (current international $)",NY.GDP.PCAP.PP.CD,Cote d'Ivoire,CIV,2053.96694687347,2236.32908593233,2199.90095821786,2239.75497026103,2522.36492983103,2404.04227964872,2626.06838275999,2828.40134144047,3127.4791681667,4652.89062085021,4726.98312102936,4830.75170129491,5147.58709147615,5455.36001247764,..
"GDP per capita, PPP (current international $)",NY.GDP.PCAP.PP.CD,Croatia,HRV,..,12647.6091966458,13550.3486996382,14534.5009508079,19776.1961020706,20743.5277255118,21136.4782104464,21769.1898766218,22062.0729518503,23013.4980497633,24718.1296822444,26595.738840327,28038.685406021,29973.4260925049,..
"GDP per capita, PPP (current international $)",NY.GDP.PCAP.PP.CD,Cuba,CUB,..,..,..,..,..,..,..,..,..,..,..,..,..,..,..
"GDP per capita, PPP (current international $)",NY.GDP.PCAP.PP.CD,Curacao,CUW,..,24342.3445430514,24358.3499396872,24637.5808581046,26884.27091715,27224.4009690808,26175.4939023336,25921.158411774,25379.297699527,25090.2081248596,24808.4036650153,25475.4896636129,25571.6467592754,..,..
"GDP per capita, PPP (current international $)",NY.GDP.PCAP.PP.CD,Cyprus,CYP,13323.854388377,23556.2401174449,24253.1633379655,25921.3516567855,33445.9064892625,33313.5791491827,31834.6763630286,30375.1063161321,30042.8271061311,31722.2162083296,35388.8325255484,37766.901656904,39737.3251870293,41254.40458771,..
"GDP per capita, PPP (current international $)",NY.GDP.PCAP.PP.CD,Czech Republic,CZE,12656.2410831208,18189.2343541554,19426.3862739107,20799.2512690536,27688.1426609856,28797.4179611691,29047.2464395949,30485.7141541113,32263.3157548997,33691.4242392608,35876.7274376121,38489.4963100125,40389.3576070809,42575.6114778391,..
"GDP per capita, PPP (current international $)",NY.GDP.PCAP.PP.CD,Denmark,DNK,18210.3066992489,30640.3456230968,30786.7254719662,32908.8323640894,43031.8073273889,44403.3848413929,44803.9682421214,46726.8541437832,47901.4473627066,49058.5010658416,51970.749800205,55064.9088637057,57218.406447274,59830.1542405139,..
"GDP per capita, PPP (current international $)",NY.GDP.PCAP.PP.CD,Djibouti,DJI,..,..,..,..,..,..,..,4103.95514221253,4289.08674752945,4574.47487619162,4692.57594197984,4885.22056254083,5337.12492479801,5748.08104445594,..
"GDP per capita, PPP (current international $)",NY.GDP.PCAP.PP.CD,Dominica,DMA,4299.05151651027,6551.44146701396,7070.44996046507,7452.32695314058,10017.6205344701,10198.5489561423,9945.28844638392,10146.3479815887,10910.297445078,11139.9489770197,11949.5340594635,11304.3597107511,11805.5536203546,12659.3445149032,..
"GDP per capita, PPP (current international $)",NY.GDP.PCAP.PP.CD,Dominican Republic,DOM,3668.37974303439,7295.0565316511,7226.72128148485,7506.73376083505,11410.3487524075,11869.133980358,11900.4909967934,12482.1645996548,13475.016470179,14740.8196989319,16109.855924333,16735.3325857593,18129.7086368998,19182.4091507031,..
"GDP per capita, PPP (current international $)",NY.GDP.PCAP.PP.CD,Ecuador,ECU,4829.93312341393,6332.18587417878,6513.29940402779,7117.17171489572,9090.30823360249,9857.52181613622,10311.4025981044,11153.6845018163,11713.1715024724,11060.2876329825,11034.2698481839,11617.9087583298,11834.5708702335,11846.7805579093,..
"GDP per capita, PPP (current international $)",NY.GDP.PCAP.PP.CD,"Egypt, Arab Rep.",EGY,3713.4890443077,6139.67907496701,6334.57171370851,6648.42901843682,9522.51019869142,9686.0463784655,11092.7432596071,11221.3819091064,10895.9448542272,11512.4023933352,11192.372891628,11014.4861365513,11634.5468507436,12250.7804142431,..
"GDP per capita, PPP (current international $)",NY.GDP.PCAP.PP.CD,El Salvador,SLV,2915.88535973085,4672.35545821485,4807.71766061027,4956.55534519187,6127.03911837142,6465.87471515371,6541.16634075306,6877.1530441901,7233.19062513914,7597.68556994058,8038.62552899494,8454.05819814848,8818.8772066466,9139.70633420179,..
"GDP per capita, PPP (current international $)",NY.GDP.PCAP.PP.CD,Equatorial Guinea,GNQ,653.931746992101,16076.2795626551,17891.4757867127,24283.6950088168,32965.8995911163,34280.254893443,37570.6353966964,34766.0115782044,33696.1264123214,24042.4970922993,20458.8122673241,22551.083245578,20840.2747680871,19327.1383188315,..
"GDP per capita, PPP (current international $)",NY.GDP.PCAP.PP.CD,Eritrea,ERI,..,1642.46055232782,1553.45492203409,1547.72586726332,1485.19843503491,1625.50615569996,..,..,..,..,..,..,..,..,..
"GDP per capita, PPP (current international $)",NY.GDP.PCAP.PP.CD,Estonia,EST,..,11670.3652656957,13123.0280540251,14521.3565698867,21809.423909224,24777.4681922764,26190.5529510261,27642.5853670431,29135.7043979166,29397.1298449963,31231.4711464203,33820.9187318032,36358.0277629012,38811.1433407717,..
"GDP per capita, PPP (current international $)",NY.GDP.PCAP.PP.CD,Eswatini,SWZ,3518.53055418634,5101.40449958679,5378.01044981169,5703.51132255057,7771.36063196909,8057.54125285527,8266.68151600077,8708.79599202947,8796.98243959603,8843.69909500312,8762.40964307854,8493.90167189328,8809.15286953779,9048.17892189938,..
"GDP per capita, PPP (current international $)",NY.GDP.PCAP.PP.CD,Ethiopia,ETH,415.023701067213,520.339429068978,503.972593822878,571.403848980481,1028.32403146687,1134.78484819871,1213.59646470769,1283.57092607172,1513.70384138763,1657.34509875149,1878.81249691701,2021.56104599467,2153.1494151845,2311.70438636716,..
"GDP per capita, PPP (current international $)",NY.GDP.PCAP.PP.CD,Faroe Islands,FRO,..,..,..,..,..,..,..,..,..,..,..,..,..,..,..
"GDP per capita, PPP (current international $)",NY.GDP.PCAP.PP.CD,Fiji,FJI,4200.87508249906,6344.8065982337,6520.71136261823,7035.7839276627,7914.08251690521,8263.0646015687,8839.47498912203,9536.26024764102,11346.867211153,12412.4221339773,12632.0135574564,13429.3159269998,14133.8933294054,14427.5824179953,..
"GDP per capita, PPP (current international $)",NY.GDP.PCAP.PP.CD,Finland,FIN,18132.652395602,28605.1223159604,29019.7732712782,31173.4510899802,38982.5334165233,40916.8385790274,40873.0953326066,41493.1416470359,41757.4021894413,42509.1313083959,44929.9087769941,47481.2138160103,49373.1839591315,51323.8333764442,..
"GDP per capita, PPP (current international $)",NY.GDP.PCAP.PP.CD,France,FRA,17619.2087524904,28523.8857271382,28141.914848273,29034.1247889392,35926.9056275762,37440.6386298685,37679.1217798605,39523.8539542181,40144.0268283679,40860.9112179241,42920.2668185606,44826.5074739036,46605.1863431702,49435.179939609,..
"GDP per capita, PPP (current international $)",NY.GDP.PCAP.PP.CD,French Polynesia,PYF,..,..,..,..,..,..,..,..,..,..,..,..,..,..,..
"GDP per capita, PPP (current international $)",NY.GDP.PCAP.PP.CD,Gabon,GAB,12395.6195710376,13968.7683595668,14199.2358955905,14315.0350310399,14837.0718261299,15638.6914694995,15356.1915415561,15114.3691935162,15370.9761530686,14699.5662365533,14286.2537403689,15006.7640910411,15091.2880733806,15486.0683210591,..
"GDP per capita, PPP (current international $)",NY.GDP.PCAP.PP.CD,"Gambia, The",GMB,1557.05784403691,1908.26082510283,2011.8107552763,2142.75386879939,2434.89124880179,2215.7511092395,2199.78814290614,2121.48639167384,2027.03134851532,2066.85935860117,2068.74298831129,2072.6524500401,2194.82215924984,2298.37817290533,..
"GDP per capita, PPP (current international $)",NY.GDP.PCAP.PP.CD,Georgia,GEO,5730.90993155474,3650.85721982131,4157.87940702767,4545.29313162414,7564.06306089751,8360.29720703065,9826.05275341086,10611.7741169939,11575.547210705,12089.1694050447,12858.4834001898,13589.7073915159,14593.504870131,15636.5537604743,..
"GDP per capita, PPP (current international $)",NY.GDP.PCAP.PP.CD,Germany,DEU,19427.5093835616,29178.6374658122,29875.4942551057,31305.4309058718,38978.7436979335,42541.5310884096,43359.6148271723,44993.8927459315,47011.5510935131,47683.7885959958,50564.251307837,53011.7681603117,54456.9292560641,56052.4220698856,..
"GDP per capita, PPP (current international $)",NY.GDP.PCAP.PP.CD,Ghana,GHA,1237.36248910473,1903.14626956368,1989.76707835191,2104.81101894802,2973.83282053656,3379.48499790009,3781.86625632064,5259.61806897265,5454.14389253995,5117.33709503396,4890.01896330611,4996.63870607304,5317.01175916129,5636.95391019817,..
"GDP per capita, PPP (current international $)",NY.GDP.PCAP.PP.CD,Gibraltar,GIB,..,..,..,..,..,..,..,..,..,..,..,..,..,..,..
"GDP per capita, PPP (current international $)",NY.GDP.PCAP.PP.CD,Greece,GRC,13287.2558025827,22615.9356489706,23870.5081470032,25437.3782051198,28169.4900245403,26141.3195918975,25284.4640766238,26097.8719008736,26838.4552283268,26902.525319841,27823.3618443287,29089.0140066987,30354.34900426,31399.4156733879,..
"GDP per capita, PPP (current international $)",NY.GDP.PCAP.PP.CD,Greenland,GRL,..,..,..,..,..,..,..,..,..,..,..,..,..,..,..
"GDP per capita, PPP (current international $)",NY.GDP.PCAP.PP.CD,Grenada,GRD,4729.10471572166,7977.14779443625,8862.53934742587,9012.57627579045,10862.8674378396,11115.7069552334,11164.4387152213,11887.5776733366,13041.8161057843,14152.4175665278,15025.8216639411,16217.4998498411,17197.6580728223,17956.1054033822,..
"GDP per capita, PPP (current international $)",NY.GDP.PCAP.PP.CD,Guam,GUM,..,..,..,..,..,..,..,..,..,..,..,..,..,..,..
"GDP per capita, PPP (current international $)",NY.GDP.PCAP.PP.CD,Guatemala,GTM,3378.43684690148,5097.52962913387,5208.76182521529,5401.53215623191,6728.24672580069,7025.67455437816,7320.15341718537,7446.58799148323,7758.4931524623,8194.44068126819,8221.74642722194,8317.36411696486,8647.82154406103,8995.5378734599,..
"GDP per capita, PPP (current international $)",NY.GDP.PCAP.PP.CD,Guinea,GIN,882.88798828195,1329.79987626746,1345.23974934167,1386.43743416694,1653.71815370503,1743.94710091875,1795.44831348015,1811.33434665775,1804.54214982762,1819.36361591165,2078.59300695419,2420.60099315665,2557.38080921857,2670.30894674638,..
"GDP per capita, PPP (current international $)",NY.GDP.PCAP.PP.CD,Guinea-Bissau,GNB,1012.66747112958,1078.80471412875,1080.24097545247,1113.75747336745,1338.98456584651,1439.28988064393,1355.31525243304,1364.38526526016,1378.23265419054,1597.20885135332,1746.74980599346,1925.23773659951,1995.17215617401,2071.81624750216,..
"GDP per capita, PPP (current international $)",NY.GDP.PCAP.PP.CD,Guyana,GUY,2129.45739746015,4513.82532275642,4566.41340919987,4758.86842063669,6512.32495439475,6969.70850179995,7380.61592961549,7901.95145176314,8165.72101346991,8365.61208366894,8830.39799264415,8989.03827392901,9531.88462306121,10104.7011912961,..
"GDP per capita, PPP (current international $)",NY.GDP.PCAP.PP.CD,Haiti,HTI,1382.34784614857,1395.90669413511,1403.60102405016,1368.01945598896,1527.76885466224,1621.23033424916,1590.01685325305,1680.96409820051,1718.93391647652,1704.93058139232,1757.38514642297,1763.66326068306,1808.87603237859,1800.56456129513,..
"GDP per capita, PPP (current international $)",NY.GDP.PCAP.PP.CD,Honduras,HND,2052.13245558529,2720.27446234556,2824.60820301285,3006.69595508338,3778.46056107421,3928.26807500573,4032.58132276332,4142.23986815777,4452.58301911362,4823.38904401862,5147.24457804604,5561.9963118339,5806.10101352249,5965.3688189555,..
"GDP per capita, PPP (current international $)",NY.GDP.PCAP.PP.CD,"Hong Kong SAR, China",HKG,18270.2438610411,29631.0657040644,31165.2315307352,34518.389811087,49185.2307408632,52277.4664432843,52234.5923178244,53691.8374784984,54781.6471649487,56408.936273748,57221.4137637583,59849.2481763342,62513.0322988904,62375.1193699712,..
"GDP per capita, PPP (current international $)",NY.GDP.PCAP.PP.CD,Hungary,HUN,..,14526.3882629125,15464.4113398097,16228.9939290968,21586.0361423547,22894.3476393949,23148.1278813822,24498.1791614004,25604.9882089604,26668.0408752434,27699.6309373747,29529.3092284512,31578.7598003737,33978.9550945494,..
"GDP per capita, PPP (current international $)",NY.GDP.PCAP.PP.CD,Iceland,ISL,21978.115735747,32524.0237506196,32619.8649138074,35608.2276138726,39606.5957926381,40767.2355099391,41926.3416168032,44157.5521220067,45714.7926578273,48854.3454418089,53025.4395146428,55562.4266215313,57742.1502788848,60061.3705901909,..
"GDP per capita, PPP (current international $)",NY.GDP.PCAP.PP.CD,India,IND,1201.66848724779,2287.63002012228,2472.1037408716,2695.89369735673,4236.74432396135,4493.66789625471,4861.14637077484,5057.21758085031,5233.86854281857,5464.85914051525,5839.8985890506,6185.99389258543,6650.11214875053,7034.21722432128,..
"GDP per capita, PPP (current international $)",NY.GDP.PCAP.PP.CD,Indonesia,IDN,3082.08233929689,5190.36499016359,5465.26420242497,5816.18149251643,8505.74853499029,9095.73363343822,9713.87315806302,10067.422245003,10278.139920209,10247.206377812,10494.5604668313,10935.8417542919,11639.8650613917,12301.7528999018,..
"GDP per capita, PPP (current international $)",NY.GDP.PCAP.PP.CD,"Iran, Islamic Rep.",IRN,7217.41471512995,11283.1048246152,12342.7285759841,13070.5591079509,17388.8956125789,18008.8025208047,15950.1045340642,15273.8463115438,15235.7048371843,13588.4676012498,14011.5451287595,14535.8630641234,..,..,..
"GDP per capita, PPP (current international $)",NY.GDP.PCAP.PP.CD,Iraq,IRQ,..,8937.56014654601,5920.96418521386,9134.93364583577,12717.0175642756,13515.5481266513,15163.3506176862,15535.3511247069,14267.0356145154,10391.7777057846,9897.00144133236,10971.9700125942,10911.6379077587,11332.1414748318,..
"GDP per capita, PPP (current international $)",NY.GDP.PCAP.PP.CD,Ireland,IRL,13734.3469540048,35212.0947152903,36238.3481785662,38669.3990361849,43327.4024159173,44855.3247012361,46256.5688825764,47897.2916625856,51067.9767132391,69056.0460368695,71921.7170489379,78128.181584186,84459.651636941,88240.9010288554,..
"GDP per capita, PPP (current international $)",NY.GDP.PCAP.PP.CD,Isle of Man,IMN,..,..,..,..,..,..,..,..,..,..,..,..,..,..,..
"GDP per capita, PPP (current international $)",NY.GDP.PCAP.PP.CD,Israel,ISR,15150.5771384205,25224.8787374278,23818.4860466796,25208.0362410566,28824.1939921602,30539.963366648,31693.917871933,34145.7125990963,34212.9444888986,35436.8108730888,37843.9778107983,38966.6626934549,40261.3380291629,42193.8255898777,..
"GDP per capita, PPP (current international $)",NY.GDP.PCAP.PP.CD,Italy,ITA,18603.4961770534,28736.5771073504,29165.0496655198,29527.89483147,35181.9684188805,36598.0149693024,36486.2967870302,36314.6971007775,36194.873918843,36909.3283742734,39922.9084837436,41784.6247136637,42816.2029669895,44196.6931032213,..
"GDP per capita, PPP (current international $)",NY.GDP.PCAP.PP.CD,Jamaica,JAM,4765.92777520789,6723.67298020441,7056.15057679337,7300.06382444245,7900.21072257332,8159.88482750568,8187.18215104084,8442.03154254279,8544.23018569639,8791.29794928901,9193.37579185742,9598.37095744956,9967.76802350155,10166.0627751259,..
"GDP per capita, PPP (current international $)",NY.GDP.PCAP.PP.CD,Japan,JPN,19561.2016400735,28160.1076146939,28924.6819531949,30348.0417430518,34986.9945402402,35774.6967129559,37191.3859456258,38974.0794886127,39179.155610609,40396.2432092141,39970.6798469243,40858.8843834887,41335.5232236058,43235.7175691122,..
"GDP per capita, PPP (current international $)",NY.GDP.PCAP.PP.CD,Jordan,JOR,4162.96900427972,6530.87383277504,6780.37767798931,7361.38052215377,9384.45891501555,9313.25767922385,9111.60944028412,9215.33976456138,9050.62845462063,9331.33983340075,9283.87067090988,9841.16955720028,10086.4495390365,10316.6090946321,..
"GDP per capita, PPP (current international $)",NY.GDP.PCAP.PP.CD,Kazakhstan,KAZ,8270.7797571418,10021.8969615589,11119.8878118162,12428.8359993864,19225.0769116698,20779.4455064586,22032.1758557421,24504.7675241182,24726.4728671586,23224.1178353573,23818.8248260141,24862.9661245889,26147.0460746091,27443.5711721515,..
"GDP per capita, PPP (current international $)",NY.GDP.PCAP.PP.CD,Kenya,KEN,1476.47067794443,1659.38323489332,1693.25652707936,1778.54346428932,2311.97687636183,2437.88100038807,2530.3479845061,2767.40281096512,3021.43312339997,3361.97734815459,3635.26502795247,4046.20842543927,4302.99906503207,4509.32244225549,..
"GDP per capita, PPP (current international $)",NY.GDP.PCAP.PP.CD,Kiribati,KIR,1261.45841116292,1624.56534175181,1658.86322839244,1644.95458417253,1716.05922699588,1749.23346125585,1837.99193779005,1921.61445919551,1917.62741344393,2110.11727296233,2210.9691746869,2240.54468679755,2312.25447788198,2369.46552751514,..
"GDP per capita, PPP (current international $)",NY.GDP.PCAP.PP.CD,"Korea, Dem. People’s Rep.",PRK,..,..,..,..,..,..,..,..,..,..,..,..,..,..,..
"GDP per capita, PPP (current international $)",NY.GDP.PCAP.PP.CD,"Korea, Rep.",KOR,8392.4110099923,21396.8377455369,22074.0142821384,23785.2872370492,31740.4595596848,32546.7536531234,33557.1287196434,34244.3121393117,35324.4976704773,37907.5003102016,39567.0166243445,41001.0668862273,42136.0803851851,43028.8963533414,..
"GDP per capita, PPP (current international $)",NY.GDP.PCAP.PP.CD,Kosovo,XKX,..,4654.64545971906,5021.20075893787,5287.48519776146,7782.94710512971,8222.22593908843,8477.46976894404,8805.37975363829,9043.18328337258,9575.75487999975,10062.1082638998,10530.4816647713,11152.3810337061,11838.8809953665,..
"GDP per capita, PPP (current international $)",NY.GDP.PCAP.PP.CD,Kuwait,KWT,..,57617.3735261465,68071.0486418687,75700.9082961718,73965.970607118,78178.0723038259,82680.3812490373,78058.5128726179,70082.4248636737,47230.6231915347,44685.3506232015,50855.499959604,51669.7334168023,51912.0121291754,..
"GDP per capita, PPP (current international $)",NY.GDP.PCAP.PP.CD,Kyrgyz Republic,KGZ,2546.33225393809,1999.67267278024,2157.26538563,2342.49274342354,3085.65193552193,3297.36683733653,3618.14972576532,4042.89305300408,4281.82407398558,4214.82950886186,4681.17473284248,5046.69153549093,5254.27848579695,5470.81153606315,..
"GDP per capita, PPP (current international $)",NY.GDP.PCAP.PP.CD,Lao PDR,LAO,1025.76001787225,2064.43106866356,2196.99165097502,2363.31507289946,3822.62714210873,4150.82417263917,4841.64306128365,5289.47638941274,5873.75548919659,6168.47764221428,6843.56158233999,7257.80793165273,7771.98695398731,8150.7524258212,..
"GDP per capita, PPP (current international $)",NY.GDP.PCAP.PP.CD,Latvia,LVA,..,10052.5958806474,11011.1090632303,12199.2074682899,17600.4172371866,19789.4778399823,21291.2312357879,22692.8103512997,23844.2963195406,24830.9229657427,26404.5256861466,28488.92360721,30644.6082903445,32204.4578365291,..
"GDP per capita, PPP (current international $)",NY.GDP.PCAP.PP.CD,Lebanon,LBN,3839.27030208185,9170.33142059074,9189.07132032262,9667.99736682049,14961.7439876285,14668.5106721227,14816.8778213142,14972.7164837692,15026.3361375225,15067.7746017864,15487.1092522336,16005.2570426061,15980.4075711458,15327.3089629507,..
"GDP per capita, PPP (current international $)",NY.GDP.PCAP.PP.CD,Lesotho,LSO,813.240263594607,1363.59591559319,1460.51166568522,1534.64891387744,2173.57239949777,2328.23196127252,2354.10206275279,2621.93662333535,2871.68456525034,3093.71071866168,3063.02882636013,2783.11566178163,2813.40091304838,2882.42190050236,..
"GDP per capita, PPP (current international $)",NY.GDP.PCAP.PP.CD,Liberia,LBR,..,1037.12154405381,725.384719942133,750.145038125022,1022.05674675375,1093.54113653768,1174.04910744595,1339.30118391783,1381.94025371831,1292.09651810857,1379.05562395434,1515.64325045424,1532.32917045845,1486.99489806734,..
"GDP per capita, PPP (current international $)",NY.GDP.PCAP.PP.CD,Libya,LBY,..,17653.7044358566,19998.5789581513,21116.6103904811,29895.2196008132,11482.0988242594,24285.3001242902,19869.1109757202,14303.0174902414,12220.0234015984,11108.7168390127,13237.9985273173,15372.3673538913,15803.0563753175,..
"GDP per capita, PPP (current international $)",NY.GDP.PCAP.PP.CD,Liechtenstein,LIE,..,..,..,..,..,..,..,..,..,..,..,..,..,..,..
"GDP per capita, PPP (current international $)",NY.GDP.PCAP.PP.CD,Lithuania,LTU,..,10494.3492320996,12067.9009141657,13031.5332665965,20053.9040755309,22823.9541631041,24645.6935431893,26679.9785684523,28156.1858355089,28823.8180924943,30924.9309431662,33821.1954485172,35831.8628150858,38214.2069298982,..
"GDP per capita, PPP (current international $)",NY.GDP.PCAP.PP.CD,Luxembourg,LUX,29656.3348367574,58771.5092731796,60040.2312530274,64051.8250290075,85677.6334441022,92005.0168361444,91622.1774169388,95590.5386984251,101297.575745297,103750.775104054,110649.696618165,112822.605827833,116786.479974329,121292.73927222,..
"GDP per capita, PPP (current international $)",NY.GDP.PCAP.PP.CD,"Macao SAR, China",MAC,27082.0184354834,38533.1722164424,42742.0891111138,54287.8638168684,99166.9027252384,120358.931922578,133521.442968076,153609.840243334,154095.703884367,117110.187839976,115698.059237801,126918.226521718,135020.780238907,129103.014352686,..
"GDP per capita, PPP (current international $)",NY.GDP.PCAP.PP.CD,Madagascar,MDG,1212.98073405792,1174.40887686559,1274.20008999153,1336.76532980738,1534.89127769837,1548.32782323792,1530.93450807411,1535.48916199223,1555.82337962072,1546.83711373402,1606.66693399635,1584.42267833676,1651.16881111374,1714.44745387655,..
"GDP per capita, PPP (current international $)",NY.GDP.PCAP.PP.CD,Malawi,MWI,469.182393192597,649.993431180823,683.130031147415,721.412631447343,1021.85898830332,1062.95445529782,1034.02007866319,1108.51365675894,1078.980573455,1018.93526246321,1025.01095743376,1037.54586753623,1067.12677850415,1103.64361579209,..
"GDP per capita, PPP (current international $)",NY.GDP.PCAP.PP.CD,Malaysia,MYS,6818.40198241195,13606.0510295446,14369.8282056292,15450.0454971256,20508.7524455762,21704.7495756706,22985.8253788973,23478.031798325,24607.707458023,24801.886949319,25546.0092282365,26648.3296520057,28186.7049427199,29525.5773629342,..
"GDP per capita, PPP (current international $)",NY.GDP.PCAP.PP.CD,Maldives,MDV,..,8594.75459035079,9678.55080917185,10248.2502402818,12712.2041790588,13542.9274879603,13690.5284096906,14774.1500857399,15993.168981089,16768.6973175295,17411.0543242823,17988.6899992013,18945.2586504617,19698.2357543354,..
"GDP per capita, PPP (current international $)",NY.GDP.PCAP.PP.CD,Mali,MLI,804.225045451141,1320.21270561094,1422.56132975614,1437.30406032601,1787.16155496346,1826.6477924667,1763.83947833333,1812.96511760825,1915.36849066187,2032.66566680053,2188.08162744925,2248.26081603136,2336.97532015959,2423.82876458679,..
"GDP per capita, PPP (current international $)",NY.GDP.PCAP.PP.CD,Malta,MLT,9335.80807341978,19584.6137000568,20781.6016706955,21336.3236089993,27829.8242216198,28601.7011404087,29423.3996140107,31078.439436605,33387.072631861,36083.3677575017,38699.6094996649,41554.937907741,43555.2050855217,45651.5750035376,..
"GDP per capita, PPP (current international $)",NY.GDP.PCAP.PP.CD,Marshall Islands,MHL,1998.49065540435,2760.84107302883,2710.46542410316,2757.24809241076,3252.367856745,3285.58253525386,3258.50077384901,3425.60154647446,3443.02834153973,3519.21814540136,3585.71074656695,3780.93897001437,3986.06800997549,..,..
"GDP per capita, PPP (current international $)",NY.GDP.PCAP.PP.CD,Mauritania,MRT,2639.02373665611,3005.94856908742,3183.32039453145,3328.10526825726,4092.08466955563,4225.56891314372,4262.06484689096,4481.25536398953,4295.04930350073,4200.15567733532,4700.10400463426,5077.19547171931,5161.4088356176,5412.41916158234,..
"GDP per capita, PPP (current international $)",NY.GDP.PCAP.PP.CD,Mauritius,MUS,4946.52868543827,9696.47890649373,10386.346803978,11058.243304519,15698.5221545627,16653.2438040789,16963.5112414049,17866.3068173779,18488.0467911726,19229.8354887211,20701.2189720364,21415.1161096211,22732.2345275756,23942.1324115873,..
"GDP per capita, PPP (current international $)",NY.GDP.PCAP.PP.CD,Mexico,MEX,8081.83606131342,11187.4776219579,11482.4495877714,12085.7600661914,15260.6205539571,16520.2585085371,17162.9275170326,17373.8970180913,18045.9844632038,18284.8828438085,19314.2573597382,19795.8684950156,20396.4777131565,20410.7065693914,..
"GDP per capita, PPP (current international $)",NY.GDP.PCAP.PP.CD,"Micronesia, Fed. Sts.",FSM,1770.81390348381,2663.93309348241,2759.38852088052,2753.50459663605,3265.69265978426,3422.28968133032,3388.2243573684,3276.30053526617,3215.17462428751,3354.50815305938,3380.73687542893,3497.91729516813,3550.41595018639,..,..
"GDP per capita, PPP (current international $)",NY.GDP.PCAP.PP.CD,Moldova,MDA,..,3678.12846679005,4004.96099950082,4428.07283172103,6396.0892716226,6913.60229203322,7363.1623193664,8381.67183313924,8827.05410758548,9254.84860512976,10610.4778427993,11651.3174546862,12665.0036944684,13574.0514280756,..
"GDP per capita, PPP (current international $)",NY.GDP.PCAP.PP.CD,Monaco,MCO,..,..,..,..,..,..,..,..,..,..,..,..,..,..,..
"GDP per capita, PPP (current international $)",NY.GDP.PCAP.PP.CD,Mongolia,MNG,3346.56935946714,4095.93970835698,4418.14379372877,4963.62369190769,7581.56339605203,8912.85730530754,10227.5266538782,10549.8591081273,11056.3098094418,10767.1331989466,10742.6530924885,11311.7938211869,12196.7502625487,12819.9485799073,..
"GDP per capita, PPP (current international $)",NY.GDP.PCAP.PP.CD,Montenegro,MNE,..,7100.27723044268,7332.82786636273,7835.18555164881,13645.1540340206,14472.4791852491,13863.9647782175,14870.1729961135,15371.1220069385,16337.1426003584,18085.0297860498,19627.0816303639,21236.4710168295,22988.6801996606,..
"GDP per capita, PPP (current international $)",NY.GDP.PCAP.PP.CD,Morocco,MAR,2549.07985067877,4014.23849224597,4281.4018078142,4553.55549404856,6332.12354481436,6712.32600283335,6702.41832426533,6916.01545695272,6609.60910787755,7024.96308902663,7112.99921500707,7314.15448711835,7613.14286811515,7826.16767727681,..
"GDP per capita, PPP (current international $)",NY.GDP.PCAP.PP.CD,Mozambique,MOZ,291.491355860855,574.141162925746,606.970472268104,653.159901411093,959.060042559623,1023.06611055815,1035.52396099687,1084.98584163839,1139.05356940882,1291.267985931,1363.67436519801,1283.65986980986,1319.97224349229,1333.51816685082,..
"GDP per capita, PPP (current international $)",NY.GDP.PCAP.PP.CD,Myanmar,MMR,425.334002051982,1167.57792803224,1341.34055325439,1550.91281499075,3243.00048858502,3469.13922083925,3727.14206290317,4016.31669271271,4245.8070401422,4416.54673194062,4492.01832112613,4739.91011751543,5147.85405122044,5355.2701901514,..
"GDP per capita, PPP (current international $)",NY.GDP.PCAP.PP.CD,Namibia,NAM,3653.93829328197,5470.34146761038,5722.87893857793,6499.01500847531,8377.43464428346,8830.22364694658,9341.07689113036,9709.59164084171,10400.7695354341,10574.1479886847,10372.3249323071,10050.5012073122,10166.3372732442,10036.592457889,..
"GDP per capita, PPP (current international $)",NY.GDP.PCAP.PP.CD,Nauru,NRU,..,..,..,4390.34146392246,5970.73836550489,6670.33905034268,7407.2865620384,9351.51356833626,11009.451673539,10963.9519499921,10974.7277420564,10682.2347064117,11758.0951206973,12080.0745947298,..
"GDP per capita, PPP (current international $)",NY.GDP.PCAP.PP.CD,Nepal,NPL,751.835580380088,1249.6224656556,1304.3031825278,1383.46721119747,1897.78155796166,2001.62830395377,2176.14930192408,2349.62507824316,2593.43837539233,2633.39531017415,2582.94367329308,3099.30608193814,3329.49805029164,3558.39982750064,..
"GDP per capita, PPP (current international $)",NY.GDP.PCAP.PP.CD,Netherlands,NLD,19139.9497520869,34447.2053180645,34112.3187921307,35777.3107454946,45074.0399364739,46599.02103045,47272.1030187972,49241.5178406305,49233.2153954401,50302.0677470128,52283.156849093,55347.9123930263,57565.197555795,59686.8316301847,..
"GDP per capita, PPP (current international $)",NY.GDP.PCAP.PP.CD,New Caledonia,NCL,..,..,..,..,..,..,..,..,..,..,..,..,..,..,..
"GDP per capita, PPP (current international $)",NY.GDP.PCAP.PP.CD,New Zealand,NZL,14857.3451049971,23306.2795376277,23968.3973515808,25080.9382639952,31261.9395259737,32743.9007511678,32996.3454112092,36231.1004613438,37276.9439703148,37530.0390759274,39990.5572803182,41493.0341264557,42810.8375120788,43952.54842839,..
"GDP per capita, PPP (current international $)",NY.GDP.PCAP.PP.CD,Nicaragua,NIC,1975.41357537827,2911.11705936641,2998.11114702575,3198.37113171262,3981.04560924951,4263.15488799854,4427.93202947361,4610.30506503022,4941.71653000321,5293.86535827408,5694.03570035534,6004.03178872477,5829.25730074023,5631.20157305166,..
"GDP per capita, PPP (current international $)",NY.GDP.PCAP.PP.CD,Niger,NER,757.243148685922,839.002187472097,844.121343378482,838.253006356381,1054.10294667295,1059.68598189356,1150.52355472969,1119.83770904396,1137.2209111358,1143.27352877511,1140.98727010777,1161.65706546159,1224.7085493495,1269.6013993412,..
"GDP per capita, PPP (current international $)",NY.GDP.PCAP.PP.CD,Nigeria,NGA,2059.13478641246,2780.7923623659,2964.36305983254,3241.72444825026,4703.20500874886,4922.70261677136,4982.94647148078,5225.17445533921,5507.17039988995,5426.33296706488,5234.67786018564,5190.35438635709,5276.71842449301,5348.33979658925,..
"GDP per capita, PPP (current international $)",NY.GDP.PCAP.PP.CD,North Macedonia,MKD,5526.36149723051,6305.37265498977,6502.73306383427,7080.16371314543,11282.2494953947,11611.2477245458,11839.7087509439,12653.5522882185,13368.1823782488,13831.1227999106,14983.1664747054,15528.9100300467,16517.4990077922,17814.8611785111,..
"GDP per capita, PPP (current international $)",NY.GDP.PCAP.PP.CD,Northern Mariana Islands,MNP,..,..,..,..,..,..,..,..,..,..,..,..,..,..,..
"GDP per capita, PPP (current international $)",NY.GDP.PCAP.PP.CD,Norway,NOR,18427.2318443106,37980.3539761745,38551.5541123241,42511.367268327,57958.3743568213,62076.7406576686,65354.7792483883,66961.2530988205,65892.6892787813,60385.1167632081,58933.9557759465,62940.5874986548,67640.1813801458,66831.8688310396,..
"GDP per capita, PPP (current international $)",NY.GDP.PCAP.PP.CD,Oman,OMN,23593.9330525081,37823.758162383,36691.6385234891,37240.0462386833,46076.1702305668,43517.8592679693,44569.886236112,42201.4046206046,38811.1036122975,31113.5912458647,28926.1381937096,29083.2366853532,29268.5566629904,29052.4973969582,..
"GDP per capita, PPP (current international $)",NY.GDP.PCAP.PP.CD,Pakistan,PAK,1923.52870296645,2753.54064764049,2898.03294469872,3127.69078867392,3890.2906620093,3993.55013133961,4018.70376868105,4103.58407799174,4238.5945208844,4373.01423367533,4410.09475326007,4571.41449087153,4851.61275054444,4884.88138953447,..
"GDP per capita, PPP (current international $)",NY.GDP.PCAP.PP.CD,Palau,PLW,..,10995.7307189725,10787.8029033216,11595.3903452,13411.1007556926,14527.3193922378,15168.3083792518,15245.6114104045,16195.0125242073,17977.5310081878,18256.89902546,17865.7908148371,18496.4356870628,..,..
"GDP per capita, PPP (current international $)",NY.GDP.PCAP.PP.CD,Panama,PAN,5045.01792054985,8594.08798515968,8951.6703736885,9701.82075455737,15153.5276245779,16923.9163968121,18679.552550475,20809.9121347615,22897.3954948458,25319.2293801017,27828.5234538683,30454.7638063039,31781.8442855275,32762.4947471145,..
"GDP per capita, PPP (current international $)",NY.GDP.PCAP.PP.CD,Papua New Guinea,PNG,1439.24666557882,2066.0130572148,2106.8237579726,2176.64624842402,3039.78623652961,3069.75809881865,3206.19624475778,3318.80477061533,3763.07788070281,4081.29824428566,4209.04366059383,4353.27026832273,4335.89925868782,4569.44617953884,..
"GDP per capita, PPP (current international $)",NY.GDP.PCAP.PP.CD,Paraguay,PRY,5391.60301947423,6589.97221015614,6876.79850473563,7223.35677081981,9993.03296982448,10490.9355410387,10022.1254646283,11086.7456153261,11425.6611376997,11471.4942285323,12029.9662264768,12594.3414272628,13153.1600276786,13210.3079115965,..
"GDP per capita, PPP (current international $)",NY.GDP.PCAP.PP.CD,Peru,PER,3361.40681526987,5423.64342964858,5697.43025234725,6084.89539808219,9730.42311529875,10476.7948962064,10767.6780575477,11295.9628850179,11510.2838491968,11572.3226921141,12013.3789435213,12506.5301705306,13084.0010333884,13380.3644240996,..
"GDP per capita, PPP (current international $)",NY.GDP.PCAP.PP.CD,Philippines,PHL,2665.1203068049,3657.97044699566,3835.91670538124,4115.76891103366,5626.28140051494,5865.34367398771,6296.82767870082,6614.68392515721,6960.90064652275,7186.76885816295,7703.75372906099,8120.84230884125,8717.04798077408,9277.374369233,..
"GDP per capita, PPP (current international $)",NY.GDP.PCAP.PP.CD,Poland,POL,6173.86241160969,11781.0563524395,12257.3348539845,13341.158266681,21064.0851811089,22850.6388460286,23833.2097049185,24719.2475053519,25612.257831144,26856.2888277541,28283.7014373144,30152.741569648,31834.4090985051,34217.7157138218,..
"GDP per capita, PPP (current international $)",NY.GDP.PCAP.PP.CD,Portugal,PRT,11758.3626503014,20356.647299736,20828.3259183521,21458.3718593563,27280.1658554885,26769.5118850004,26438.0163019973,27936.0396644563,28742.4403783509,29668.8592004843,31604.5463111482,33086.0967739013,34340.7133450667,36470.7067689104,..
"GDP per capita, PPP (current international $)",NY.GDP.PCAP.PP.CD,Puerto Rico,PRI,13423.4856537018,25485.6265881483,25956.5348844742,28981.3984672044,30925.4008279126,31824.1548383855,32582.6224082106,33172.6712604566,33682.850026137,34016.0223523129,34346.8673317443,34363.7459921451,34921.1387519575,35948.1919590315,..
"GDP per capita, PPP (current international $)",NY.GDP.PCAP.PP.CD,Qatar,QAT,..,103476.988001059,102758.23453475,113857.355864863,132048.133684447,139358.354293196,141634.972507371,138230.137308306,129068.868132822,92968.0904137813,83102.4856698423,95058.4683407273,96732.6631914203,96490.9838735541,..
"GDP per capita, PPP (current international $)",NY.GDP.PCAP.PP.CD,Romania,ROU,5270.64938151997,7162.32006440842,7551.72311608146,8982.14817244515,16979.0733023854,17907.661671558,18931.6544931406,19797.2655492449,20623.2624633248,21631.4976861763,24165.7525652454,27191.6686640869,29213.8414637002,32297.3033740157,..
"GDP per capita, PPP (current international $)",NY.GDP.PCAP.PP.CD,Russian Federation,RUS,8027.8455914773,8037.47453541558,9254.53720076475,10226.7661539289,20490.1267193879,22798.6744273279,24303.4734145818,26073.8745307451,25761.6480209933,24085.3241847947,24125.3988633755,26005.979940469,28763.5166314767,29181.3632177676,..
"GDP per capita, PPP (current international $)",NY.GDP.PCAP.PP.CD,Rwanda,RWA,558.235786880155,760.772281377099,779.925857365101,848.343351709052,1355.53914609249,1457.12236538292,1495.91121461139,1550.2881619354,1714.57211770782,1813.75051827665,1891.83445209399,1975.2524530498,2137.85003375422,2318.48623032223,..
"GDP per capita, PPP (current international $)",NY.GDP.PCAP.PP.CD,Samoa,WSM,2397.69099767122,3994.69481636954,4226.80418475647,4513.22705396277,5360.97058824762,5655.13739629249,5480.60590819868,5505.99353424511,5570.62055447959,5831.52564007607,6336.6456416412,6495.38772370331,6478.70777127486,6787.13142581817,..
"GDP per capita, PPP (current international $)",NY.GDP.PCAP.PP.CD,San Marino,SMR,..,56226.249654098,58682.4515325262,62180.6248290584,62761.4508021974,57943.4468742402,54447.0920034915,53466.7364203932,55420.2930615796,55598.2160707232,57474.1169818246,58860.7530554811,60750.4477590281,..,..
"GDP per capita, PPP (current international $)",NY.GDP.PCAP.PP.CD,Sao Tome and Principe,STP,..,1880.51259490875,2001.06621912794,2087.58357722887,2876.89111434529,2997.15247215493,2954.57916699212,3318.88526072358,3817.41792624185,3837.72924295783,3889.38939230626,3915.73237469756,4037.85231448918,4128.062158576,..
"GDP per capita, PPP (current international $)",NY.GDP.PCAP.PP.CD,Saudi Arabia,SAU,32087.7067123,37667.0393127628,41441.8537807463,44601.7864095443,51529.8357785408,56132.9575251876,57364.432224779,55907.3941657559,55725.3975573728,48611.1452684173,45485.6595746168,47309.1246039041,48719.8640511511,48908.4823773339,..
"GDP per capita, PPP (current international $)",NY.GDP.PCAP.PP.CD,Senegal,SEN,1476.50368019376,1961.68286444363,2079.52687239955,2204.70329887936,2662.68694074575,2682.69360623703,2764.78380859104,2749.22159055004,2830.69910610579,2971.3449826389,3075.93447930116,3203.9007579397,3393.00441959255,3535.56877916446,..
"GDP per capita, PPP (current international $)",NY.GDP.PCAP.PP.CD,Serbia,SRB,..,7224.54892260961,7637.41218128969,8479.91719276207,12806.8624652702,13746.9486676364,13933.9199790112,14629.038308884,14659.5491112879,14922.059908879,15734.3328881756,16534.3390831059,17563.1653653277,18989.0396642879,..
"GDP per capita, PPP (current international $)",NY.GDP.PCAP.PP.CD,Seychelles,SYC,8966.23197743774,14200.585191003,13767.6770632353,13786.2865425222,19387.862527356,21922.7395312636,21565.0379982842,22369.3912169768,23889.7837335669,24067.1945931285,25681.3126655294,27242.656049582,28657.4083311494,30259.9610295443,..
"GDP per capita, PPP (current international $)",NY.GDP.PCAP.PP.CD,Sierra Leone,SLE,776.406966410755,786.37053536911,835.957819996625,875.879758459947,1134.08855614378,1203.21027160594,1405.57442443616,1746.5544651287,1787.64912981469,1586.68864790374,1596.62054225985,1642.60659308554,1702.54096972903,1789.58843099795,..
"GDP per capita, PPP (current international $)",NY.GDP.PCAP.PP.CD,Singapore,SGP,23835.3694602402,45120.4076994815,48756.5625513546,54301.6977517189,75294.3565545416,80052.3914982651,82064.9611910836,83001.7878013707,84423.1913432675,86974.7476230627,89386.0793999319,94940.970785297,100051.434417112,101375.775310612,..
"GDP per capita, PPP (current international $)",NY.GDP.PCAP.PP.CD,Sint Maarten (Dutch part),SXM,..,..,..,..,34232.355107087,37233.9683840429,32878.4408816334,32478.2989639344,33013.2327128995,32520.0928979529,32432.9934333187,32256.3333093626,..,..,..
"GDP per capita, PPP (current international $)",NY.GDP.PCAP.PP.CD,Slovak Republic,SVK,..,13312.203306834,14165.6120561322,15212.5134767909,25171.6131071418,26049.7923842016,26933.4222167626,27967.1723033741,28991.5658308395,29924.1215483702,29651.5241346834,30907.4227912592,32574.8231445651,34177.9527593862,..
"GDP per capita, PPP (current international $)",NY.GDP.PCAP.PP.CD,Slovenia,SVN,12356.9310724456,20241.5254208308,21089.3042502197,22740.2953689768,27845.5119877052,28931.3837141518,29042.8202729641,29973.6991074851,30870.0236667425,31636.750034272,33868.3155825616,36650.8021903461,38749.2519820723,40656.5573650452,..
"GDP per capita, PPP (current international $)",NY.GDP.PCAP.PP.CD,Solomon Islands,SLB,1221.94150894215,1271.97902520385,1344.05535169591,1411.46842574299,1832.83157308627,2064.59580340548,2142.50704790643,2185.86878330005,2216.26505321992,2235.8269641723,2271.6139060647,2337.64268403264,2421.01587761163,2465.52064273051,..
"GDP per capita, PPP (current international $)",NY.GDP.PCAP.PP.CD,Somalia,SOM,..,..,..,..,..,..,..,..,..,..,..,..,..,..,..
"GDP per capita, PPP (current international $)",NY.GDP.PCAP.PP.CD,South Africa,ZAF,6420.88386237086,8310.75938402568,8608.73617068579,9131.26858093599,11721.5550562889,12172.3147379847,12057.2687088531,12450.4975033556,12520.7137484229,12552.340126643,12592.4868712328,12703.4212420788,12928.7942146079,12999.1202555973,..
"GDP per capita, PPP (current international $)",NY.GDP.PCAP.PP.CD,South Sudan,SSD,..,..,..,..,3020.95054688472,2844.51612837354,1519.14246379821,2099.23564248958,1495.50961245544,..,..,..,..,..,..
"GDP per capita, PPP (current international $)",NY.GDP.PCAP.PP.CD,Spain,ESP,13660.5336204353,24371.5988492666,25018.7610937095,26119.9300333344,31703.8657582328,31867.9732396862,31720.1199986535,32434.0032017704,33525.7406299089,34912.4761266679,37282.4425131921,39575.5351485129,40482.5890103223,42214.1303934743,..
"GDP per capita, PPP (current international $)",NY.GDP.PCAP.PP.CD,Sri Lanka,LKA,2306.77006688782,4542.33593956302,4860.33788133143,5218.68123588849,8194.26965834985,9007.65736301288,10315.1802471606,10852.0640424767,11256.8560497537,11557.4870517689,12224.2157651465,12584.1044231151,13168.1714249663,13620.1184803752,..
"GDP per capita, PPP (current international $)",NY.GDP.PCAP.PP.CD,St. Kitts and Nevis,KNA,9360.39634891796,17857.9413766216,17340.0248163374,18298.2414985609,22094.6759678574,22768.3057950897,21486.8740885258,22152.011539807,23951.2743907717,23921.9916245293,24927.1922993382,25355.5171774516,26510.9828195365,27448.8953536914,..
"GDP per capita, PPP (current international $)",NY.GDP.PCAP.PP.CD,St. Lucia,LCA,6824.58961374514,9173.65658171705,9673.4414292279,10571.1211520933,12413.3980030568,13256.4961096625,13080.3873957373,13489.1113650669,13761.1234098621,13551.746815584,14291.3648856189,14945.7590049427,15621.5983054401,16089.0676701298,..
"GDP per capita, PPP (current international $)",NY.GDP.PCAP.PP.CD,St. Martin (French part),MAF,..,..,..,..,..,..,..,..,..,..,..,..,..,..,..
"GDP per capita, PPP (current international $)",NY.GDP.PCAP.PP.CD,St. Vincent and the Grenadines,VCT,3741.73102798084,6964.27992097917,7622.94830818297,8139.55947959596,10139.8185388331,10302.4203522057,10457.1584317001,10909.465044395,11310.1310088719,11641.8401638892,12456.9541218053,12245.0148431486,12760.5851522302,12982.896388735,..
"GDP per capita, PPP (current international $)",NY.GDP.PCAP.PP.CD,Sudan,SDN,1130.58020294776,2030.52452705074,2166.78658720756,2247.83313613992,3168.55178376416,3673.48690207013,4102.80842955579,4189.44877834716,4734.83304626744,5047.92778849511,4415.76952468261,4362.57840927293,4258.77516056581,4122.52668491946,..
"GDP per capita, PPP (current international $)",NY.GDP.PCAP.PP.CD,Suriname,SUR,6616.76001586725,8290.55442391968,8871.53249796834,9769.88483882777,13548.4051905399,14475.0185113507,15785.1818961636,16815.2333293979,17261.2315754057,16072.2162566207,14206.5198663672,16341.4489178575,17001.3478352264,17005.4267499399,..
"GDP per capita, PPP (current international $)",NY.GDP.PCAP.PP.CD,Sweden,SWE,20388.1758522094,30926.5055989396,31780.1150438061,33827.9147046414,42252.1466910284,44608.5802614915,45432.4319692761,46312.3923824667,47184.6691338182,49116.3078392604,50425.1546275414,52739.0113876719,53746.7991694027,55814.5126535272,..
"GDP per capita, PPP (current international $)",NY.GDP.PCAP.PP.CD,Switzerland,CHE,27586.7607330146,37718.3041278531,37713.9613759488,39170.1810857706,53107.3854904557,56183.8325850081,57849.5839884654,60108.5163468318,61902.1624060426,63938.9799757284,65720.1465291161,67139.0499217186,69357.4860551593,70989.2581261576,..
"GDP per capita, PPP (current international $)",NY.GDP.PCAP.PP.CD,Syrian Arab Republic,SYR,..,..,..,..,..,..,..,..,..,..,..,..,..,..,..
"GDP per capita, PPP (current international $)",NY.GDP.PCAP.PP.CD,Tajikistan,TJK,2641.26752782934,1278.64331382351,1419.39319531555,1579.58580016283,2328.44456314427,2496.58123080876,2750.35611085923,3027.81900953561,3303.09619566776,2991.65359615958,3097.20202723291,3089.53020835658,3311.0510430186,3519.82201670116,..
"GDP per capita, PPP (current international $)",NY.GDP.PCAP.PP.CD,Tanzania,TZA,959.602932758225,1331.99257668652,1407.386800527,1510.49528710545,2088.09805550191,2228.70538663705,2099.45434935451,2194.92406885476,2243.62570561335,2348.4437285337,2479.26126113064,2530.43845346455,2651.09104726589,2770.68117187672,..
"GDP per capita, PPP (current international $)",NY.GDP.PCAP.PP.CD,Thailand,THA,4311.66992787378,8179.39726649468,8863.74103629759,9608.5462859693,13195.3718825253,13519.1284205293,14870.9781840853,15407.6694716651,15480.2113516243,15822.3532640938,16618.7621892932,17420.5651510671,18513.2935729552,19228.2946818444,..
"GDP per capita, PPP (current international $)",NY.GDP.PCAP.PP.CD,Timor-Leste,TLS,..,1369.73769874797,1329.54940332165,1335.84710112974,1964.51548739066,2084.59193025791,2320.0739219314,2483.17059986443,2721.05649679601,2916.82357260716,3140.87394571889,3165.79942372693,3152.57086698777,3252.546371144,..
"GDP per capita, PPP (current international $)",NY.GDP.PCAP.PP.CD,Togo,TGO,833.476170346071,1001.32917577661,1061.18403165549,1052.02568560148,1144.33151531116,1210.14211353993,1227.15615932305,1275.32531822813,1328.38029110688,1397.33316494055,1453.74759916435,1516.5260461051,1589.18301454703,1662.07234490352,..
"GDP per capita, PPP (current international $)",NY.GDP.PCAP.PP.CD,Tonga,TON,2321.4357998587,4034.23690304273,4171.91306830003,4242.37948399723,4889.29852795444,5151.45482498474,5339.53213636719,5313.80567144102,5567.03541123729,5849.717335049,6092.25836593712,6321.60693304717,6414.78272120568,..,..
"GDP per capita, PPP (current international $)",NY.GDP.PCAP.PP.CD,Trinidad and Tobago,TTO,7059.86476323617,16845.8386657634,19539.4809206133,21550.5373627835,30528.8241801524,30888.0290306425,30063.2603978127,30059.8932905375,29698.4609464962,27510.4068303917,26270.0890090715,26447.59327228,26892.8681030744,27260.8112233827,..
"GDP per capita, PPP (current international $)",NY.GDP.PCAP.PP.CD,Tunisia,TUN,3613.82328053632,6419.86053369565,6795.61673390064,7356.77944098835,10155.4811725532,10067.9062215293,10217.1250903037,10231.7217189686,10446.0513898228,10208.73927845,10359.3023964967,10605.2572072707,11017.7777650546,11201.3437583802,..
"GDP per capita, PPP (current international $)",NY.GDP.PCAP.PP.CD,Turkey,TUR,8518.55215946978,9329.81317442766,9604.02370977257,10860.1135243899,17438.8971977582,19651.6784762088,20616.8698746997,22269.0376631038,23967.1180280144,25625.5746340376,26329.3601693078,27934.1673292162,28139.1437604424,27875.1932514847,..
"GDP per capita, PPP (current international $)",NY.GDP.PCAP.PP.CD,Turkmenistan,TKM,5436.64605034412,4548.03115392972,4736.92344084084,5055.93929578356,9810.60819683024,11294.9484349556,12057.1959713637,12739.1819495717,13490.9871640811,13690.604274337,13866.3247180798,14205.0215776646,15195.633467324,..,..
"GDP per capita, PPP (current international $)",NY.GDP.PCAP.PP.CD,Turks and Caicos Islands,TCA,..,..,..,..,..,21231.9255276943,19069.8839875522,19761.5873949405,21583.2363697506,22855.1657014413,24257.0581357785,25477.4161568839,27055.1735079577,..,..
"GDP per capita, PPP (current international $)",NY.GDP.PCAP.PP.CD,Tuvalu,TUV,1542.80705005723,2706.08382564852,2628.84110275555,2624.52340066102,2925.61609702392,3180.1041840945,3086.00924735168,3248.19485138181,3319.10485988149,3619.4103380625,3727.71133852816,3903.65500465083,4046.54967240322,4465.23093078823,..
"GDP per capita, PPP (current international $)",NY.GDP.PCAP.PP.CD,Uganda,UGA,669.358937100935,1263.80172883916,1327.69490217382,1410.6038389375,2071.69642523485,2241.12340590757,1997.53395800124,1997.91137259235,2071.44901246505,2111.49410732367,2075.60622838554,2074.86024139593,2172.18505374661,2271.64942402167,..
"GDP per capita, PPP (current international $)",NY.GDP.PCAP.PP.CD,Ukraine,UKR,7305.14340431125,4999.09094024694,5621.90307732439,6521.61085897415,8245.37524130465,8909.65960754126,9343.33073966083,10691.7646844701,10743.5863638157,10164.3273340852,11148.196546631,11871.1236240918,12629.1416610826,13341.2105189612,..
"GDP per capita, PPP (current international $)",NY.GDP.PCAP.PP.CD,United Arab Emirates,ARE,87226.5392672559,95549.9701791932,99238.3363418873,101871.509403108,64881.8564605665,67686.3929453288,69102.4912887174,70374.2200605325,73619.1005840251,64901.8520246431,63968.853871334,67183.6265568253,68548.5147178225,69900.8778476933,..
"GDP per capita, PPP (current international $)",NY.GDP.PCAP.PP.CD,United Kingdom,GBR,16818.964068888,29068.5938574601,30262.0555232904,31964.7816817557,36367.9205261167,37161.554131385,38311.8971996093,39970.9960678458,41265.9380854536,42518.1412562852,44162.5511728591,45974.8643523571,46956.0777631492,48709.701144586,..
"GDP per capita, PPP (current international $)",NY.GDP.PCAP.PP.CD,United States,USA,23888.6000088133,38023.1611144021,39496.4858751381,41712.8010675545,48467.5157769259,49886.8181094923,51610.6052783379,53117.6678308301,55047.7255604544,56822.5188202456,57927.5168515062,59957.7258513035,62840.0202387957,65118.358332816,..
"GDP per capita, PPP (current international $)",NY.GDP.PCAP.PP.CD,Uruguay,URY,6390.02882820559,9427.16986573931,9686.47470075826,10451.9249198401,16817.0690377023,18002.8510750537,18192.335087819,19130.0444649996,20093.653610821,20217.5841382137,20669.8123562361,21324.8460027319,22100.3106362735,22454.6579433455,..
"GDP per capita, PPP (current international $)",NY.GDP.PCAP.PP.CD,Uzbekistan,UZB,2493.49011665541,2734.59122817594,2869.68092382204,3130.1326625848,5124.12272217139,5489.07896412638,5712.82430269297,5942.39675867104,6158.50245912758,6343.1497417051,6452.92793779539,6518.8046866066,6914.88951338997,7288.76562624693,..
"GDP per capita, PPP (current international $)",NY.GDP.PCAP.PP.CD,Vanuatu,VUT,1654.98646226299,2037.99833960556,2110.13908227644,2196.24810191769,2888.73833565155,2905.90472228551,2930.91461794882,2956.51626339048,2997.1620693403,2953.10219735203,3009.12553325865,3121.11437575278,3203.7415796427,3273.91494425231,..
"GDP per capita, PPP (current international $)",NY.GDP.PCAP.PP.CD,"Venezuela, RB",VEN,9600.95896186266,11078.0766036265,10224.9065131172,12207.7178977977,16740.3694189611,17527.4477948588,..,..,..,..,..,..,..,..,..
"GDP per capita, PPP (current international $)",NY.GDP.PCAP.PP.CD,Vietnam,VNM,917.674243978159,2282.85829940973,2462.50139552396,2694.45805963486,4213.29591308399,4523.24371892011,5042.44968580297,5358.89473244564,5745.15858506426,6102.6372641382,6573.09633796091,7155.74582921877,7765.40025229988,8374.44432824534,..
"GDP per capita, PPP (current international $)",NY.GDP.PCAP.PP.CD,Virgin Islands (U.S.),VIR,..,..,..,..,..,..,..,..,..,..,..,..,..,..,..
"GDP per capita, PPP (current international $)",NY.GDP.PCAP.PP.CD,West Bank and Gaza,PSE,..,2091.49029815976,2367.63706516501,2615.17213175094,3584.08697536745,4010.59979802211,4631.23321325523,4729.14263341151,5008.30227166073,5400.65565908286,5495.10552986261,5754.77924211873,5795.23155940964,..,..
"GDP per capita, PPP (current international $)",NY.GDP.PCAP.PP.CD,"Yemen, Rep.",YEM,2068.63587140348,3129.65796144668,3212.93998379197,3333.06124118229,4162.08845120088,3607.09026282858,3491.20432460543,3688.51984855665,..,..,..,..,..,..,..
"GDP per capita, PPP (current international $)",NY.GDP.PCAP.PP.CD,Zambia,ZMB,1475.71784273476,1784.21566033287,1894.34949607808,2029.17492652228,3178.87279696422,3323.9390453205,3422.62632578535,3578.8531897927,3539.43499618542,3430.40357632042,3404.66312290169,3485.00210305873,3604.62894330623,3623.69939478386,..
"GDP per capita, PPP (current international $)",NY.GDP.PCAP.PP.CD,Zimbabwe,ZWE,1773.73929408483,2167.01975837378,1827.86608105387,1762.52050223797,1830.82805386647,2101.82519230258,2375.93026666661,2560.77748663649,2612.46153012769,2679.51013633828,2806.45863058694,3028.24597590564,3203.8885542944,2953.48411281195,..
"GDP per capita, PPP (current international $)",NY.GDP.PCAP.PP.CD,Arab World,ARB,6851.73208690464,10201.2775454281,10660.2742502582,11683.7361051328,15025.4675739587,15514.3589281847,16546.023708638,16501.6697117378,16213.1933263674,14609.6320150228,14012.6979251194,14557.7684668111,14972.4307275907,15216.5434606137,..
"GDP per capita, PPP (current international $)",NY.GDP.PCAP.PP.CD,Caribbean small states,CSS,6033.24145621914,10113.6051371652,10901.8726773745,11601.9017780757,14461.649327401,14824.1737984777,14778.9061862816,15021.5393020782,15138.1976044659,14836.103669216,14785.4217506668,15238.5841786573,15727.0359121654,16050.5338248407,..
"GDP per capita, PPP (current international $)",NY.GDP.PCAP.PP.CD,Central Europe and the Baltics,CEB,7087.46540512141,11611.064580283,12306.5590461283,13450.8089392838,20750.03637126,22153.150554986,22972.8297779516,23970.9322734102,24984.9667048871,26091.073454504,27753.1421253631,29927.551861741,31739.7256706733,34136.1861041064,..
"GDP per capita, PPP (current international $)",NY.GDP.PCAP.PP.CD,Early-demographic dividend,EAR,2915.53262539185,4307.98330645617,4549.88972679684,4904.48377553109,6929.90280640005,7333.79625142956,7704.22557703784,7944.09561311294,8166.74702158105,8264.96536830855,8552.92893259405,8977.6065844197,9444.79592033265,9777.97084759796,..
"GDP per capita, PPP (current international $)",NY.GDP.PCAP.PP.CD,East Asia & Pacific,EAS,3214.54379881527,6406.61690690135,6823.87044394034,7406.33140844263,11732.3349454784,12620.6709491515,13466.2684569383,14173.5660767469,14695.6565639546,15114.1204120367,15607.3771775137,16334.3746871857,17399.669374004,18443.4887824076,..
"GDP per capita, PPP (current international $)",NY.GDP.PCAP.PP.CD,East Asia & Pacific (excluding high income),EAP,1446.44085272497,3849.13391303871,4218.29653990758,4670.75368511056,8703.91627714856,9550.23947510658,10355.3546504131,10953.5652737093,11464.0297241303,11794.3915394917,12313.1688776192,12986.2965108486,14049.6996937236,15031.0278892928,..
"GDP per capita, PPP (current international $)",NY.GDP.PCAP.PP.CD,East Asia & Pacific (IDA & IBRD countries),TEA,1462.22543660672,3891.04721063631,4264.23275109701,4721.61130254174,8797.35064198656,9652.50023758298,10465.9539810372,11070.2624459246,11585.8596041214,11919.41549454,12443.3106961075,13123.1261161496,14197.4060541865,15188.8143081211,..
"GDP per capita, PPP (current international $)",NY.GDP.PCAP.PP.CD,Euro area,EMU,16983.2912101799,27533.838706383,27953.2124549844,29051.461788952,35795.6023449027,37435.6765998417,37801.9060329183,38981.9527838612,39949.9237425708,41058.2137212505,43532.3190831732,45748.6108511596,47283.0359513291,49237.3668853511,..
"GDP per capita, PPP (current international $)",NY.GDP.PCAP.PP.CD,Europe & Central Asia,ECS,11804.6182370357,17526.855622707,18180.4390665447,19303.7758453467,26123.3700945449,27663.1853151314,28424.2455087502,29721.7135856422,30468.4978364901,30891.0869456461,32293.0877446958,34069.8748654034,35535.3443506964,36828.2677077615,..
"GDP per capita, PPP (current international $)",NY.GDP.PCAP.PP.CD,Europe & Central Asia (excluding high income),ECA,7047.74325961205,6998.15054711249,7735.76338944531,8639.73595746775,15276.5408902987,16850.6658841137,17856.1203278778,19246.541109563,19657.1075520474,19192.6065322386,19570.0163117699,20831.07306697,22204.783866865,22595.8029632441,..
"GDP per capita, PPP (current international $)",NY.GDP.PCAP.PP.CD,Europe & Central Asia (IDA & IBRD countries),TEC,6886.37762187262,7484.20488766111,8182.62865585585,9128.72166093778,15898.6123544143,17452.3473932048,18447.444279421,19760.4888164171,20225.7660832438,19978.5990434771,20544.0191416541,21930.3687001978,23350.8600695083,24028.13861947,..
"GDP per capita, PPP (current international $)",NY.GDP.PCAP.PP.CD,European Union,EUU,14797.165002788,24182.1807901672,24674.822964171,25835.0494283508,32871.0689314858,34465.4198716898,34937.2912138505,36087.5431469566,37076.0569606412,38227.7980424,40553.152429172,42792.2547038377,44386.6656638723,46467.4506044771,..
"GDP per capita, PPP (current international $)",NY.GDP.PCAP.PP.CD,Fragile and conflict affected situations,FCS,1960.25646491411,2847.89728899146,2760.9344884843,3152.92309154499,4394.66005890317,4369.59109498673,4686.00603006414,4843.06775384134,4907.88749469452,4687.61739341319,4598.69618973814,4756.02809278016,4880.14402435807,4962.04161658764,..
"GDP per capita, PPP (current international $)",NY.GDP.PCAP.PP.CD,Heavily indebted poor countries (HIPC),HPC,994.29193379339,1252.86206053895,1297.29372733212,1366.75358100438,1846.21836759429,1933.24903056622,1970.73022160041,2101.67387451259,2231.97786623417,2333.76776581884,2378.58690747405,2461.56739291577,2557.30727724498,2642.02597665212,..
"GDP per capita, PPP (current international $)",NY.GDP.PCAP.PP.CD,High income,HIC,18011.3608997323,29332.1480086037,30330.1023965661,32048.2374833026,39052.5818773252,40671.7046131886,41804.6941730333,43170.3862229369,44319.6316533532,45093.9032681364,46371.7495304416,48341.6937968899,50153.4148329236,52029.2674035501,..
"GDP per capita, PPP (current international $)",NY.GDP.PCAP.PP.CD,IBRD only,IBD,2920.85273182726,4876.47316233927,5208.18179729762,5709.41505067462,9270.63161941525,9983.31628400542,10598.9474761759,11095.9636251124,11425.4028751351,11515.8776568166,11920.479390428,12544.8531525988,13366.3332791028,14019.8909988523,..
"GDP per capita, PPP (current international $)",NY.GDP.PCAP.PP.CD,IDA & IBRD total,IBT,2608.02329583862,4204.309271901,4475.14857045574,4887.40658003339,7742.3567915879,8299.76889052599,8771.66358077319,9171.0769013406,9442.92013501511,9517.06058466069,9815.45463401568,10293.4617528912,10928.0968853521,11419.8826213345,..
"GDP per capita, PPP (current international $)",NY.GDP.PCAP.PP.CD,IDA blend,IDB,1975.42720629688,2623.8626770906,2750.05784015313,2969.33758680057,4001.25030823868,4168.39586910958,4235.2057766648,4403.48646328825,4612.69486078273,4679.97574462489,4673.34019782205,4779.91574320078,4979.69477630407,5063.06330977265,..
"GDP per capita, PPP (current international $)",NY.GDP.PCAP.PP.CD,IDA only,IDX,990.940714506627,1390.10683365613,1456.85696474723,1548.30185224974,2214.57294038734,2314.92081597906,2408.28123272228,2579.33998763642,2739.29840264793,2873.87786336933,2969.94823746443,3113.96342548074,3290.30285159166,3449.40722820421,..
"GDP per capita, PPP (current international $)",NY.GDP.PCAP.PP.CD,IDA total,IDA,1328.16169949759,1809.65670647354,1896.20391605466,2031.29083545535,2820.66848912654,2944.57404088132,3028.48695835719,3197.75415621421,3373.90661383934,3482.80526314031,3540.76673743555,3669.32842429632,3851.57780287502,3980.74548081047,..
"GDP per capita, PPP (current international $)",NY.GDP.PCAP.PP.CD,Late-demographic dividend,LTE,2866.65456753289,5459.56888238472,5931.66578271469,6549.24153442133,11553.3832695227,12619.9863389224,13474.032195018,14219.8367474836,14708.1789892757,14732.422752288,15180.8757440758,16027.5234168251,17232.2446961868,18215.7074249834,..
"GDP per capita, PPP (current international $)",NY.GDP.PCAP.PP.CD,Latin America & Caribbean,LCN,6260.56180150117,8954.02743004242,9181.13444845609,9884.17454512596,13404.7959559684,14283.7212055654,14573.5353371013,15060.9513188214,15382.0695109033,15173.3875082788,15411.5588152196,16060.575874762,16544.4158890339,16797.359329409,..
"GDP per capita, PPP (current international $)",NY.GDP.PCAP.PP.CD,Latin America & Caribbean (excluding high income),LAC,6232.27307796531,8725.66150001641,8936.61444226489,9610.84691932491,13027.1484869912,13863.3655759281,14119.9993978277,14583.5094120359,14891.3392850741,14660.5688935601,14893.0507979073,15525.4926953848,15983.8141590681,16220.4226728572,..
"GDP per capita, PPP (current international $)",NY.GDP.PCAP.PP.CD,Latin America & the Caribbean (IDA & IBRD countries),TLA,6244.97122022486,8867.36948092192,9093.776957103,9783.66456462331,13333.020103107,14217.3156116741,14507.4074662396,14997.674312114,15320.1919193317,15106.5997088555,15345.6951904661,16002.3664406527,16489.8853978416,16736.9961133691,..
"GDP per capita, PPP (current international $)",NY.GDP.PCAP.PP.CD,Least developed countries: UN classification,LDC,890.194143844702,1282.49120824265,1344.4842067536,1435.79608648036,2114.50497585868,2201.34245194971,2289.37221373814,2408.47127391034,2557.73734957458,2631.39641431886,2712.54084035312,2845.80489771384,2989.06603753254,3118.81867289938,..
"GDP per capita, PPP (current international $)",NY.GDP.PCAP.PP.CD,Low & middle income,LMY,2536.58718898084,4086.33996587145,4354.02884324826,4754.61171450839,7544.02443467337,8086.94234090883,8553.19801611176,8946.51166312946,9213.06969686129,9278.37450853119,9563.18933366585,10022.8880190277,10646.2558481208,11120.064352642,..
"GDP per capita, PPP (current international $)",NY.GDP.PCAP.PP.CD,Low income,LIC,957.708672200924,1196.98082074541,1245.31937006681,1313.23538131282,1836.89932120391,1881.13927125397,1865.43806752636,1954.47921942487,2102.15553632296,2201.43691296575,2244.72226302887,2320.74994065802,2407.78571643371,2489.11740955395,..
"GDP per capita, PPP (current international $)",NY.GDP.PCAP.PP.CD,Lower middle income,LMC,1746.27836832547,2648.00910952818,2824.59214744112,3058.24275893309,4479.9337756228,4719.15878340962,5049.29809828925,5277.77092498628,5444.91047250758,5613.95834437282,5857.29023266774,6129.09175257099,6518.29293625841,6833.7777999162,..
"GDP per capita, PPP (current international $)",NY.GDP.PCAP.PP.CD,Middle East & North Africa,MEA,7753.3791771573,11774.6152907318,12369.5651099984,13462.863317576,17316.0428294993,17905.1316894161,18489.4927594883,18369.932121517,18063.0746345377,16283.3478092242,15931.4648847118,16573.7111685198,17106.745857398,17471.1804517108,..
"GDP per capita, PPP (current international $)",NY.GDP.PCAP.PP.CD,Middle East & North Africa (excluding high income),MNA,4790.82215168749,7721.58975693644,7933.66362481958,8639.21589281617,11548.8847644913,11503.4588690293,11807.450639987,11694.254199633,11368.9581200637,10675.7136015004,10608.9246288277,10897.6748060684,..,..,..
"GDP per capita, PPP (current international $)",NY.GDP.PCAP.PP.CD,Middle East & North Africa (IDA & IBRD countries),TMN,4816.68947987102,7783.48085801777,7995.27993130334,8706.42358072474,11642.2736904488,11591.7949721492,11892.4157295435,11777.1402491074,11444.7722777206,10738.3948842002,10669.8851359185,10959.0645066603,..,..,..
"GDP per capita, PPP (current international $)",NY.GDP.PCAP.PP.CD,Middle income,MIC,2663.29177983736,4351.10967914648,4643.05115382536,5078.98996179472,8132.69157032019,8734.72987442732,9258.69545893673,9694.61593354444,9987.72995215,10063.6540278354,10386.7451555828,10901.8812216761,11599.5799499727,12134.6170158612,..
"GDP per capita, PPP (current international $)",NY.GDP.PCAP.PP.CD,North America,NAC,23516.6328062584,37320.5910701581,38783.2726514046,40936.5990479766,47633.4444466649,49063.4304986418,50683.8575820084,52237.7196029623,54118.0998520462,55606.5961391942,56778.0553482199,58815.1137719706,61541.9841642094,63705.0919852776,..
"GDP per capita, PPP (current international $)",NY.GDP.PCAP.PP.CD,Not classified,INX,..,..,..,..,..,..,..,..,..,..,..,..,..,..,..
"GDP per capita, PPP (current international $)",NY.GDP.PCAP.PP.CD,OECD members,OED,16573.7796245353,26207.0440731766,26963.6321398774,28393.5199843816,34450.2790268188,35873.9677105766,36851.3543508053,38152.2792702987,39287.3490362877,40408.9076430097,41735.4654415742,43398.107371208,44912.7138223035,46466.7439410036,..
"GDP per capita, PPP (current international $)",NY.GDP.PCAP.PP.CD,Other small states,OSS,..,12317.7273321468,12900.1456950408,14248.7061453642,22419.8632441873,24192.3380340868,25302.4748021231,25584.900737969,25406.7323838769,21699.1359776263,21159.6268799467,22960.7809121418,23542.576278693,23908.795158823,..
"GDP per capita, PPP (current international $)",NY.GDP.PCAP.PP.CD,Pacific island small states,PSS,2838.94153830664,4026.98909256259,4129.89126628034,4376.04547841337,4961.41878984292,5189.22447647901,5406.39425389766,5665.00424289446,6348.55118527886,6768.74732021114,6888.02053962558,7200.62728847241,7473.74870462799,7608.47758320221,..
"GDP per capita, PPP (current international $)",NY.GDP.PCAP.PP.CD,Post-demographic dividend,PST,17913.4759851819,28789.7402107844,29712.5220179514,31322.857730801,37900.1057487902,39324.3675509259,40381.669538805,41851.8550923816,43006.5634508175,44127.8068692624,45590.5731951984,47466.2062774721,49244.8235385992,51125.491508359,..
"GDP per capita, PPP (current international $)",NY.GDP.PCAP.PP.CD,Pre-demographic dividend,PRE,1411.71003765968,2045.33282832104,1994.3766669031,2259.19704566331,3121.79532795229,3252.56682923186,3354.12944497574,3494.18497337768,3591.83917645795,3464.47849401738,3413.26526606505,3514.3029604931,3581.21578722693,3655.57531853332,..
"GDP per capita, PPP (current international $)",NY.GDP.PCAP.PP.CD,Small states,SST,..,11288.1858201598,11889.58636029,13032.887683842,19746.538179177,21172.079548495,22030.0122924361,22330.9955567169,22288.0164873594,19496.631006461,19105.0404492891,20584.4803498843,21148.9177606989,21510.3257762081,..
"GDP per capita, PPP (current international $)",NY.GDP.PCAP.PP.CD,South Asia,SAS,1242.94601899164,2250.89948540554,2417.79029784881,2625.66888133536,4005.23542923343,4237.67856842272,4566.87395050566,4752.15357723393,4928.79914104513,5137.33555655079,5455.14957100864,5772.0751772011,6194.34212966046,6527.25653902826,..
"GDP per capita, PPP (current international $)",NY.GDP.PCAP.PP.CD,South Asia (IDA & IBRD),TSA,1242.94601899164,2250.89948540554,2417.79029784881,2625.66888133536,4005.23542923343,4237.67856842272,4566.87395050566,4752.15357723393,4928.79914104513,5137.33555655079,5455.14957100864,5772.0751772011,6194.34212966046,6527.25653902825,..
"GDP per capita, PPP (current international $)",NY.GDP.PCAP.PP.CD,Sub-Saharan Africa,SSF,1694.83333456393,2148.08006826172,2225.37853856062,2373.05942733486,3176.94223583211,3312.33557665977,3340.0530038069,3510.68147842763,3668.27862832235,3697.75816755751,3688.15346262263,3754.18436946286,3848.40698417396,3919.2131462872,..
"GDP per capita, PPP (current international $)",NY.GDP.PCAP.PP.CD,Sub-Saharan Africa (excluding high income),SSA,1687.10189242225,2133.63084664933,2210.25064681362,2357.39854392638,3157.22622945057,3291.77937417181,3319.63347974867,3489.70188384789,3647.06900791811,3676.12791480642,3665.06558196895,3730.74521393767,3823.99197407905,3893.96331892866,..
"GDP per capita, PPP (current international $)",NY.GDP.PCAP.PP.CD,Sub-Saharan Africa (IDA & IBRD countries),TSS,1694.83333456392,2148.08006826172,2225.37853856062,2373.05942733486,3176.94223583211,3312.33557665977,3340.0530038069,3510.68147842763,3668.27862832235,3697.75816755751,3688.15346262263,3754.18436946286,3848.40698417396,3919.2131462872,..
"GDP per capita, PPP (current international $)",NY.GDP.PCAP.PP.CD,Upper middle income,UMC,3402.80549439539,5869.98232572856,6279.12368164419,6913.19639355857,11623.1924864456,12602.1189802898,13340.6371001033,14007.4698349654,14453.3390260362,14464.8316956104,14895.4845217537,15684.9103937261,16728.1746442093,17524.5904421071,..
"GDP per capita, PPP (current international $)",NY.GDP.PCAP.PP.CD,World,WLD,5548.90608514294,8569.64243096382,8937.70246687076,9542.07360920353,12897.702343202,13583.2983601266,14125.5634185879,14645.8618007675,15024.3557526045,15172.1745239242,15583.5653192984,16248.707182372,17017.8664718903,17673.1123651663,..
,,,,,,,,,,,,,,,,,,
,,,,,,,,,,,,,,,,,,
,,,,,,,,,,,,,,,,,,
Data from database: World Development Indicators,,,,,,,,,,,,,,,,,,
Last Updated: 10/15/2020,,,,,,,,,,,,,,,,,,
